url,weekid,week_position,song,performer,songid,instance,previous_week_position,peak_position,weeks_on_chart,year,month,day
http://www.billboard.com/charts/hot-100/1958-12-13,12/13/58,83,RUN RUDOLPH RUN,Chuck Berry,Run Rudolph RunChuck Berry,1,NA,69,3,1958,12,13
http://www.billboard.com/charts/hot-100/1958-12-20,12/20/58,57,JINGLE BELL ROCK,Bobby Helms,Jingle Bell RockBobby Helms,1,NA,29,19,1958,12,20
http://www.billboard.com/charts/hot-100/1958-12-20,12/20/58,73,RUN RUDOLPH RUN,Chuck Berry,Run Rudolph RunChuck Berry,1,83,69,3,1958,12,20
http://www.billboard.com/charts/hot-100/1958-12-20,12/20/58,86,WHITE CHRISTMAS,Bing Crosby,White ChristmasBing Crosby,1,NA,12,13,1958,12,20
http://www.billboard.com/charts/hot-100/1958-12-27,12/27/58,44,GREEN CHRI$TMA$,Stan Freberg,Green Chri$tma$Stan Freberg,1,NA,44,2,1958,12,27
http://www.billboard.com/charts/hot-100/1958-12-27,12/27/58,66,WHITE CHRISTMAS,Bing Crosby,White ChristmasBing Crosby,1,86,12,13,1958,12,27
http://www.billboard.com/charts/hot-100/1958-12-27,12/27/58,69,RUN RUDOLPH RUN,Chuck Berry,Run Rudolph RunChuck Berry,1,73,69,3,1958,12,27
http://www.billboard.com/charts/hot-100/1958-12-27,12/27/58,35,JINGLE BELL ROCK,Bobby Helms,Jingle Bell RockBobby Helms,1,57,29,19,1958,12,27
http://www.billboard.com/charts/hot-100/1959-01-03,1/3/59,45,JINGLE BELL ROCK,Bobby Helms,Jingle Bell RockBobby Helms,1,35,29,19,1959,1,3
http://www.billboard.com/charts/hot-100/1959-01-03,1/3/59,53,GREEN CHRI$TMA$,Stan Freberg,Green Chri$tma$Stan Freberg,1,44,44,2,1959,1,3
http://www.billboard.com/charts/hot-100/1959-01-10,1/10/59,70,JINGLE BELL ROCK,Bobby Helms,Jingle Bell RockBobby Helms,1,45,29,19,1959,1,10
http://www.billboard.com/charts/hot-100/1959-12-05,12/5/59,83,THE HAPPY REINDEER,"Dancer, Prancer And Nervous","The Happy ReindeerDancer, Prancer And Nervous",1,NA,34,6,1959,12,5
http://www.billboard.com/charts/hot-100/1959-12-12,12/12/59,89,THE CHIPMUNK SONG (CHRISTMAS DON'T BE LATE),David Seville And The Chipmunks,The Chipmunk Song (Christmas Don't Be Late)David Seville And The Chipmunks,1,NA,39,15,1959,12,12
http://www.billboard.com/charts/hot-100/1959-12-12,12/12/59,80,THE HAPPY REINDEER,"Dancer, Prancer And Nervous","The Happy ReindeerDancer, Prancer And Nervous",1,83,34,6,1959,12,12
http://www.billboard.com/charts/hot-100/1959-12-19,12/19/59,76,THE HAPPY REINDEER,"Dancer, Prancer And Nervous","The Happy ReindeerDancer, Prancer And Nervous",1,80,34,6,1959,12,19
http://www.billboard.com/charts/hot-100/1959-12-19,12/19/59,96,THIS TIME OF THE YEAR,Brook Benton,This Time Of The YearBrook Benton,1,NA,66,5,1959,12,19
http://www.billboard.com/charts/hot-100/1959-12-19,12/19/59,68,THE CHIPMUNK SONG (CHRISTMAS DON'T BE LATE),David Seville And The Chipmunks,The Chipmunk Song (Christmas Don't Be Late)David Seville And The Chipmunks,1,89,39,15,1959,12,19
http://www.billboard.com/charts/hot-100/1959-12-26,12/26/59,59,WHITE CHRISTMAS,Bing Crosby,White ChristmasBing Crosby,2,NA,12,13,1959,12,26
http://www.billboard.com/charts/hot-100/1959-12-26,12/26/59,77,THIS TIME OF THE YEAR,Brook Benton,This Time Of The YearBrook Benton,1,96,66,5,1959,12,26
http://www.billboard.com/charts/hot-100/1959-12-26,12/26/59,34,THE HAPPY REINDEER,"Dancer, Prancer And Nervous","The Happy ReindeerDancer, Prancer And Nervous",1,76,34,6,1959,12,26
http://www.billboard.com/charts/hot-100/1959-12-26,12/26/59,41,THE CHIPMUNK SONG (CHRISTMAS DON'T BE LATE),David Seville And The Chipmunks,The Chipmunk Song (Christmas Don't Be Late)David Seville And The Chipmunks,1,68,39,15,1959,12,26
http://www.billboard.com/charts/hot-100/1960-01-02,1/2/60,45,THE HAPPY REINDEER,"Dancer, Prancer And Nervous","The Happy ReindeerDancer, Prancer And Nervous",1,34,34,6,1960,1,2
http://www.billboard.com/charts/hot-100/1960-01-02,1/2/60,61,THE CHIPMUNK SONG (CHRISTMAS DON'T BE LATE),David Seville And The Chipmunks,The Chipmunk Song (Christmas Don't Be Late)David Seville And The Chipmunks,1,41,39,15,1960,1,2
http://www.billboard.com/charts/hot-100/1960-01-02,1/2/60,75,THIS TIME OF THE YEAR,Brook Benton,This Time Of The YearBrook Benton,1,77,66,5,1960,1,2
http://www.billboard.com/charts/hot-100/1960-01-09,1/9/60,70,THIS TIME OF THE YEAR,Brook Benton,This Time Of The YearBrook Benton,1,75,66,5,1960,1,9
http://www.billboard.com/charts/hot-100/1960-01-09,1/9/60,62,THE CHIPMUNK SONG (CHRISTMAS DON'T BE LATE),David Seville And The Chipmunks,The Chipmunk Song (Christmas Don't Be Late)David Seville And The Chipmunks,1,61,39,15,1960,1,9
http://www.billboard.com/charts/hot-100/1960-01-09,1/9/60,93,THE HAPPY REINDEER,"Dancer, Prancer And Nervous","The Happy ReindeerDancer, Prancer And Nervous",1,45,34,6,1960,1,9
http://www.billboard.com/charts/hot-100/1960-01-16,1/16/60,66,THIS TIME OF THE YEAR,Brook Benton,This Time Of The YearBrook Benton,1,70,66,5,1960,1,16
http://www.billboard.com/charts/hot-100/1960-12-10,12/10/60,66,THE CHIPMUNK SONG (CHRISTMAS DON'T BE LATE),David Seville And The Chipmunks,The Chipmunk Song (Christmas Don't Be Late)David Seville And The Chipmunks,2,NA,39,15,1960,12,10
http://www.billboard.com/charts/hot-100/1960-12-10,12/10/60,100,THE CHRISTMAS SONG (MERRY CHRISTMAS TO YOU),Nat King Cole,The Christmas Song (Merry Christmas To You)Nat King Cole,1,NA,38,8,1960,12,10
http://www.billboard.com/charts/hot-100/1960-12-10,12/10/60,64,ROCKIN' AROUND THE CHRISTMAS TREE,Brenda Lee,Rockin' Around The Christmas TreeBrenda Lee,1,NA,14,18,1960,12,10
http://www.billboard.com/charts/hot-100/1960-12-10,12/10/60,55,WHITE CHRISTMAS,Bing Crosby,White ChristmasBing Crosby,3,NA,12,13,1960,12,10
http://www.billboard.com/charts/hot-100/1960-12-10,12/10/60,69,JINGLE BELL ROCK,Bobby Helms,Jingle Bell RockBobby Helms,2,NA,29,19,1960,12,10
http://www.billboard.com/charts/hot-100/1960-12-17,12/17/60,64,SILENT NIGHT,Bing Crosby,Silent NightBing Crosby,1,NA,54,2,1960,12,17
http://www.billboard.com/charts/hot-100/1960-12-17,12/17/60,46,JINGLE BELL ROCK,Bobby Helms,Jingle Bell RockBobby Helms,2,69,29,19,1960,12,17
http://www.billboard.com/charts/hot-100/1960-12-17,12/17/60,26,ROCKIN' AROUND THE CHRISTMAS TREE,Brenda Lee,Rockin' Around The Christmas TreeBrenda Lee,1,64,14,18,1960,12,17
http://www.billboard.com/charts/hot-100/1960-12-17,12/17/60,78,TWISTIN' BELLS,Santo & Johnny,Twistin' BellsSanto & Johnny,1,NA,49,3,1960,12,17
http://www.billboard.com/charts/hot-100/1960-12-17,12/17/60,89,CHRISTMAS AULD LANG SYNE,Bobby Darin,Christmas Auld Lang SyneBobby Darin,1,NA,51,3,1960,12,17
http://www.billboard.com/charts/hot-100/1960-12-17,12/17/60,32,WHITE CHRISTMAS,Bing Crosby,White ChristmasBing Crosby,3,55,12,13,1960,12,17
http://www.billboard.com/charts/hot-100/1960-12-17,12/17/60,45,THE CHIPMUNK SONG (CHRISTMAS DON'T BE LATE),David Seville And The Chipmunks,The Chipmunk Song (Christmas Don't Be Late)David Seville And The Chipmunks,2,66,39,15,1960,12,17
http://www.billboard.com/charts/hot-100/1960-12-17,12/17/60,80,THE CHRISTMAS SONG (MERRY CHRISTMAS TO YOU),Nat King Cole,The Christmas Song (Merry Christmas To You)Nat King Cole,1,100,38,8,1960,12,17
http://www.billboard.com/charts/hot-100/1960-12-17,12/17/60,97,BLUE CHRISTMAS,The Browns Featuring Jim Edward Brown,Blue ChristmasThe Browns Featuring Jim Edward Brown,1,NA,97,1,1960,12,17
http://www.billboard.com/charts/hot-100/1960-12-17,12/17/60,96,WHITE CHRISTMAS,The Drifters Featuring Clyde McPhatter And Bill Pinkney,White ChristmasThe Drifters Featuring Clyde McPhatter And Bill Pinkney,1,NA,88,2,1960,12,17
http://www.billboard.com/charts/hot-100/1960-12-24,12/24/60,61,TWISTIN' BELLS,Santo & Johnny,Twistin' BellsSanto & Johnny,1,78,49,3,1960,12,24
http://www.billboard.com/charts/hot-100/1960-12-24,12/24/60,14,ROCKIN' AROUND THE CHRISTMAS TREE,Brenda Lee,Rockin' Around The Christmas TreeBrenda Lee,1,26,14,18,1960,12,24
http://www.billboard.com/charts/hot-100/1960-12-24,12/24/60,26,WHITE CHRISTMAS,Bing Crosby,White ChristmasBing Crosby,3,32,12,13,1960,12,24
http://www.billboard.com/charts/hot-100/1960-12-24,12/24/60,36,JINGLE BELL ROCK,Bobby Helms,Jingle Bell RockBobby Helms,2,46,29,19,1960,12,24
http://www.billboard.com/charts/hot-100/1960-12-24,12/24/60,60,THE CHIPMUNK SONG (CHRISTMAS DON'T BE LATE),David Seville And The Chipmunks,The Chipmunk Song (Christmas Don't Be Late)David Seville And The Chipmunks,2,45,39,15,1960,12,24
http://www.billboard.com/charts/hot-100/1960-12-24,12/24/60,54,SILENT NIGHT,Bing Crosby,Silent NightBing Crosby,1,64,54,2,1960,12,24
http://www.billboard.com/charts/hot-100/1960-12-24,12/24/60,95,CHILD OF GOD,Bobby Darin,Child Of GodBobby Darin,1,NA,95,1,1960,12,24
http://www.billboard.com/charts/hot-100/1960-12-24,12/24/60,58,CHRISTMAS AULD LANG SYNE,Bobby Darin,Christmas Auld Lang SyneBobby Darin,1,89,51,3,1960,12,24
http://www.billboard.com/charts/hot-100/1960-12-31,12/31/60,18,ROCKIN' AROUND THE CHRISTMAS TREE,Brenda Lee,Rockin' Around The Christmas TreeBrenda Lee,1,14,14,18,1960,12,31
http://www.billboard.com/charts/hot-100/1960-12-31,12/31/60,49,TWISTIN' BELLS,Santo & Johnny,Twistin' BellsSanto & Johnny,1,61,49,3,1960,12,31
http://www.billboard.com/charts/hot-100/1960-12-31,12/31/60,51,CHRISTMAS AULD LANG SYNE,Bobby Darin,Christmas Auld Lang SyneBobby Darin,1,58,51,3,1960,12,31
http://www.billboard.com/charts/hot-100/1961-11-25,11/25/61,99,LITTLE ALTAR BOY,Vic Dana,Little Altar BoyVic Dana,1,NA,45,8,1961,11,25
http://www.billboard.com/charts/hot-100/1961-12-02,12/2/61,78,LITTLE ALTAR BOY,Vic Dana,Little Altar BoyVic Dana,1,99,45,8,1961,12,2
http://www.billboard.com/charts/hot-100/1961-12-09,12/9/61,71,JINGLE BELL ROCK,Bobby Rydell/Chubby Checker,Jingle Bell RockBobby Rydell/Chubby Checker,1,NA,21,7,1961,12,9
http://www.billboard.com/charts/hot-100/1961-12-09,12/9/61,73,BABY'S FIRST CHRISTMAS,Connie Francis,Baby's First ChristmasConnie Francis,1,NA,26,5,1961,12,9
http://www.billboard.com/charts/hot-100/1961-12-09,12/9/61,57,LITTLE ALTAR BOY,Vic Dana,Little Altar BoyVic Dana,1,78,45,8,1961,12,9
http://www.billboard.com/charts/hot-100/1961-12-09,12/9/61,85,ROCKIN' AROUND THE CHRISTMAS TREE,Brenda Lee,Rockin' Around The Christmas TreeBrenda Lee,2,NA,14,18,1961,12,9
http://www.billboard.com/charts/hot-100/1961-12-09,12/9/61,68,JINGLE BELL ROCK,Bobby Helms,Jingle Bell RockBobby Helms,3,NA,29,19,1961,12,9
http://www.billboard.com/charts/hot-100/1961-12-09,12/9/61,66,WHITE CHRISTMAS,Bing Crosby,White ChristmasBing Crosby,4,NA,12,13,1961,12,9
http://www.billboard.com/charts/hot-100/1961-12-16,12/16/61,51,LITTLE ALTAR BOY,Vic Dana,Little Altar BoyVic Dana,1,57,45,8,1961,12,16
http://www.billboard.com/charts/hot-100/1961-12-16,12/16/61,63,THE CHIPMUNK SONG (CHRISTMAS DON'T BE LATE),David Seville And The Chipmunks,The Chipmunk Song (Christmas Don't Be Late)David Seville And The Chipmunks,3,NA,39,15,1961,12,16
http://www.billboard.com/charts/hot-100/1961-12-16,12/16/61,84,ROCKIN' AROUND THE CHRISTMAS TREE,Brenda Lee,Rockin' Around The Christmas TreeBrenda Lee,2,85,14,18,1961,12,16
http://www.billboard.com/charts/hot-100/1961-12-16,12/16/61,54,BABY'S FIRST CHRISTMAS,Connie Francis,Baby's First ChristmasConnie Francis,1,73,26,5,1961,12,16
http://www.billboard.com/charts/hot-100/1961-12-16,12/16/61,58,JINGLE BELL ROCK,Bobby Helms,Jingle Bell RockBobby Helms,3,68,29,19,1961,12,16
http://www.billboard.com/charts/hot-100/1961-12-16,12/16/61,45,JINGLE BELL ROCK,Bobby Rydell/Chubby Checker,Jingle Bell RockBobby Rydell/Chubby Checker,1,71,21,7,1961,12,16
http://www.billboard.com/charts/hot-100/1961-12-16,12/16/61,33,WHITE CHRISTMAS,Bing Crosby,White ChristmasBing Crosby,4,66,12,13,1961,12,16
http://www.billboard.com/charts/hot-100/1961-12-23,12/23/61,49,JINGLE BELL ROCK,Bobby Helms,Jingle Bell RockBobby Helms,3,58,29,19,1961,12,23
http://www.billboard.com/charts/hot-100/1961-12-23,12/23/61,27,JINGLE BELL ROCK,Bobby Rydell/Chubby Checker,Jingle Bell RockBobby Rydell/Chubby Checker,1,45,21,7,1961,12,23
http://www.billboard.com/charts/hot-100/1961-12-23,12/23/61,58,ROCKIN' AROUND THE CHRISTMAS TREE,Brenda Lee,Rockin' Around The Christmas TreeBrenda Lee,2,84,14,18,1961,12,23
http://www.billboard.com/charts/hot-100/1961-12-23,12/23/61,85,PLEASE COME HOME FOR CHRISTMAS,Charles Brown,Please Come Home For ChristmasCharles Brown,1,NA,76,2,1961,12,23
http://www.billboard.com/charts/hot-100/1961-12-23,12/23/61,20,WHITE CHRISTMAS,Bing Crosby,White ChristmasBing Crosby,4,33,12,13,1961,12,23
http://www.billboard.com/charts/hot-100/1961-12-23,12/23/61,47,THE CHIPMUNK SONG (CHRISTMAS DON'T BE LATE),David Seville And The Chipmunks,The Chipmunk Song (Christmas Don't Be Late)David Seville And The Chipmunks,3,63,39,15,1961,12,23
http://www.billboard.com/charts/hot-100/1961-12-23,12/23/61,43,BABY'S FIRST CHRISTMAS,Connie Francis,Baby's First ChristmasConnie Francis,1,54,26,5,1961,12,23
http://www.billboard.com/charts/hot-100/1961-12-23,12/23/61,48,LITTLE ALTAR BOY,Vic Dana,Little Altar BoyVic Dana,1,51,45,8,1961,12,23
http://www.billboard.com/charts/hot-100/1961-12-30,12/30/61,21,JINGLE BELL ROCK,Bobby Rydell/Chubby Checker,Jingle Bell RockBobby Rydell/Chubby Checker,1,27,21,7,1961,12,30
http://www.billboard.com/charts/hot-100/1961-12-30,12/30/61,41,JINGLE BELL ROCK,Bobby Helms,Jingle Bell RockBobby Helms,3,49,29,19,1961,12,30
http://www.billboard.com/charts/hot-100/1961-12-30,12/30/61,76,PLEASE COME HOME FOR CHRISTMAS,Charles Brown,Please Come Home For ChristmasCharles Brown,1,85,76,2,1961,12,30
http://www.billboard.com/charts/hot-100/1961-12-30,12/30/61,50,ROCKIN' AROUND THE CHRISTMAS TREE,Brenda Lee,Rockin' Around The Christmas TreeBrenda Lee,2,58,14,18,1961,12,30
http://www.billboard.com/charts/hot-100/1961-12-30,12/30/61,39,THE CHIPMUNK SONG (CHRISTMAS DON'T BE LATE),David Seville And The Chipmunks,The Chipmunk Song (Christmas Don't Be Late)David Seville And The Chipmunks,3,47,39,15,1961,12,30
http://www.billboard.com/charts/hot-100/1961-12-30,12/30/61,26,BABY'S FIRST CHRISTMAS,Connie Francis,Baby's First ChristmasConnie Francis,1,43,26,5,1961,12,30
http://www.billboard.com/charts/hot-100/1961-12-30,12/30/61,12,WHITE CHRISTMAS,Bing Crosby,White ChristmasBing Crosby,4,20,12,13,1961,12,30
http://www.billboard.com/charts/hot-100/1961-12-30,12/30/61,45,LITTLE ALTAR BOY,Vic Dana,Little Altar BoyVic Dana,1,48,45,8,1961,12,30
http://www.billboard.com/charts/hot-100/1962-01-06,1/6/62,39,THE CHIPMUNK SONG (CHRISTMAS DON'T BE LATE),David Seville And The Chipmunks,The Chipmunk Song (Christmas Don't Be Late)David Seville And The Chipmunks,3,47,39,15,1962,1,6
http://www.billboard.com/charts/hot-100/1962-01-06,1/6/62,45,LITTLE ALTAR BOY,Vic Dana,Little Altar BoyVic Dana,1,48,45,8,1962,1,6
http://www.billboard.com/charts/hot-100/1962-01-06,1/6/62,26,BABY'S FIRST CHRISTMAS,Connie Francis,Baby's First ChristmasConnie Francis,1,43,26,5,1962,1,6
http://www.billboard.com/charts/hot-100/1962-01-06,1/6/62,21,JINGLE BELL ROCK,Bobby Rydell/Chubby Checker,Jingle Bell RockBobby Rydell/Chubby Checker,1,27,21,7,1962,1,6
http://www.billboard.com/charts/hot-100/1962-01-06,1/6/62,50,ROCKIN' AROUND THE CHRISTMAS TREE,Brenda Lee,Rockin' Around The Christmas TreeBrenda Lee,2,58,14,18,1962,1,6
http://www.billboard.com/charts/hot-100/1962-01-06,1/6/62,12,WHITE CHRISTMAS,Bing Crosby,White ChristmasBing Crosby,4,20,12,13,1962,1,6
http://www.billboard.com/charts/hot-100/1962-01-06,1/6/62,41,JINGLE BELL ROCK,Bobby Helms,Jingle Bell RockBobby Helms,3,49,29,19,1962,1,6
http://www.billboard.com/charts/hot-100/1962-01-06,1/6/62,76,PLEASE COME HOME FOR CHRISTMAS,Charles Brown,Please Come Home For ChristmasCharles Brown,1,85,76,2,1962,1,6
http://www.billboard.com/charts/hot-100/1962-01-13,1/13/62,71,BABY'S FIRST CHRISTMAS,Connie Francis,Baby's First ChristmasConnie Francis,1,26,26,5,1962,1,13
http://www.billboard.com/charts/hot-100/1962-01-13,1/13/62,48,LITTLE ALTAR BOY,Vic Dana,Little Altar BoyVic Dana,1,45,45,8,1962,1,13
http://www.billboard.com/charts/hot-100/1962-01-13,1/13/62,23,JINGLE BELL ROCK,Bobby Rydell/Chubby Checker,Jingle Bell RockBobby Rydell/Chubby Checker,1,21,21,7,1962,1,13
http://www.billboard.com/charts/hot-100/1962-01-20,1/20/62,51,LITTLE ALTAR BOY,Vic Dana,Little Altar BoyVic Dana,1,48,45,8,1962,1,20
http://www.billboard.com/charts/hot-100/1962-12-08,12/8/62,80,MONSTERS' HOLIDAY,"Bobby ""Boris"" Pickett And The Crypt-Kickers","Monsters' HolidayBobby ""Boris"" Pickett And The Crypt-Kickers",1,NA,30,6,1962,12,8
http://www.billboard.com/charts/hot-100/1962-12-08,12/8/62,92,THE CHIPMUNK SONG (CHRISTMAS DON'T BE LATE),David Seville And The Chipmunks,The Chipmunk Song (Christmas Don't Be Late)David Seville And The Chipmunks,4,NA,39,15,1962,12,8
http://www.billboard.com/charts/hot-100/1962-12-08,12/8/62,99,JINGLE BELL ROCK,Bobby Helms,Jingle Bell RockBobby Helms,4,NA,29,19,1962,12,8
http://www.billboard.com/charts/hot-100/1962-12-15,12/15/62,59,THE CHIPMUNK SONG (CHRISTMAS DON'T BE LATE),David Seville And The Chipmunks,The Chipmunk Song (Christmas Don't Be Late)David Seville And The Chipmunks,4,92,39,15,1962,12,15
http://www.billboard.com/charts/hot-100/1962-12-15,12/15/62,89,ROCKIN' AROUND THE CHRISTMAS TREE,Brenda Lee,Rockin' Around The Christmas TreeBrenda Lee,3,NA,14,18,1962,12,15
http://www.billboard.com/charts/hot-100/1962-12-15,12/15/62,75,THE CHRISTMAS SONG (MERRY CHRISTMAS TO YOU),Nat King Cole,The Christmas Song (Merry Christmas To You)Nat King Cole,2,NA,38,8,1962,12,15
http://www.billboard.com/charts/hot-100/1962-12-15,12/15/62,70,WHITE CHRISTMAS,Bing Crosby,White ChristmasBing Crosby,5,NA,12,13,1962,12,15
http://www.billboard.com/charts/hot-100/1962-12-15,12/15/62,77,SANTA CLAUS IS WATCHING YOU,Ray Stevens,Santa Claus Is Watching YouRay Stevens,1,NA,45,3,1962,12,15
http://www.billboard.com/charts/hot-100/1962-12-15,12/15/62,57,MONSTERS' HOLIDAY,"Bobby ""Boris"" Pickett And The Crypt-Kickers","Monsters' HolidayBobby ""Boris"" Pickett And The Crypt-Kickers",1,80,30,6,1962,12,15
http://www.billboard.com/charts/hot-100/1962-12-15,12/15/62,87,JINGLE BELL ROCK,Bobby Helms,Jingle Bell RockBobby Helms,4,99,29,19,1962,12,15
http://www.billboard.com/charts/hot-100/1962-12-15,12/15/62,97,JINGLE BELL ROCK,Bobby Rydell/Chubby Checker,Jingle Bell RockBobby Rydell/Chubby Checker,2,NA,21,7,1962,12,15
http://www.billboard.com/charts/hot-100/1962-12-22,12/22/62,55,SANTA CLAUS IS WATCHING YOU,Ray Stevens,Santa Claus Is Watching YouRay Stevens,1,77,45,3,1962,12,22
http://www.billboard.com/charts/hot-100/1962-12-22,12/22/62,92,JINGLE BELL ROCK,Bobby Rydell/Chubby Checker,Jingle Bell RockBobby Rydell/Chubby Checker,2,97,21,7,1962,12,22
http://www.billboard.com/charts/hot-100/1962-12-22,12/22/62,59,JINGLE BELL ROCK,Bobby Helms,Jingle Bell RockBobby Helms,4,87,29,19,1962,12,22
http://www.billboard.com/charts/hot-100/1962-12-22,12/22/62,67,THE CHRISTMAS SONG (MERRY CHRISTMAS TO YOU),Nat King Cole,The Christmas Song (Merry Christmas To You)Nat King Cole,2,75,38,8,1962,12,22
http://www.billboard.com/charts/hot-100/1962-12-22,12/22/62,64,ROCKIN' AROUND THE CHRISTMAS TREE,Brenda Lee,Rockin' Around The Christmas TreeBrenda Lee,3,89,14,18,1962,12,22
http://www.billboard.com/charts/hot-100/1962-12-22,12/22/62,47,THE CHIPMUNK SONG (CHRISTMAS DON'T BE LATE),David Seville And The Chipmunks,The Chipmunk Song (Christmas Don't Be Late)David Seville And The Chipmunks,4,59,39,15,1962,12,22
http://www.billboard.com/charts/hot-100/1962-12-22,12/22/62,40,MONSTERS' HOLIDAY,"Bobby ""Boris"" Pickett And The Crypt-Kickers","Monsters' HolidayBobby ""Boris"" Pickett And The Crypt-Kickers",1,57,30,6,1962,12,22
http://www.billboard.com/charts/hot-100/1962-12-22,12/22/62,88,WHITE CHRISTMAS,The Drifters Featuring Clyde McPhatter And Bill Pinkney,White ChristmasThe Drifters Featuring Clyde McPhatter And Bill Pinkney,2,NA,88,2,1962,12,22
http://www.billboard.com/charts/hot-100/1962-12-22,12/22/62,46,WHITE CHRISTMAS,Bing Crosby,White ChristmasBing Crosby,5,70,12,13,1962,12,22
http://www.billboard.com/charts/hot-100/1962-12-29,12/29/62,38,WHITE CHRISTMAS,Bing Crosby,White ChristmasBing Crosby,5,46,12,13,1962,12,29
http://www.billboard.com/charts/hot-100/1962-12-29,12/29/62,31,MONSTERS' HOLIDAY,"Bobby ""Boris"" Pickett And The Crypt-Kickers","Monsters' HolidayBobby ""Boris"" Pickett And The Crypt-Kickers",1,40,30,6,1962,12,29
http://www.billboard.com/charts/hot-100/1962-12-29,12/29/62,45,SANTA CLAUS IS WATCHING YOU,Ray Stevens,Santa Claus Is Watching YouRay Stevens,1,55,45,3,1962,12,29
http://www.billboard.com/charts/hot-100/1962-12-29,12/29/62,56,JINGLE BELL ROCK,Bobby Helms,Jingle Bell RockBobby Helms,4,59,29,19,1962,12,29
http://www.billboard.com/charts/hot-100/1962-12-29,12/29/62,65,THE CHRISTMAS SONG (MERRY CHRISTMAS TO YOU),Nat King Cole,The Christmas Song (Merry Christmas To You)Nat King Cole,2,67,38,8,1962,12,29
http://www.billboard.com/charts/hot-100/1962-12-29,12/29/62,40,THE CHIPMUNK SONG (CHRISTMAS DON'T BE LATE),David Seville And The Chipmunks,The Chipmunk Song (Christmas Don't Be Late)David Seville And The Chipmunks,4,47,39,15,1962,12,29
http://www.billboard.com/charts/hot-100/1962-12-29,12/29/62,59,ROCKIN' AROUND THE CHRISTMAS TREE,Brenda Lee,Rockin' Around The Christmas TreeBrenda Lee,3,64,14,18,1962,12,29
http://www.billboard.com/charts/hot-100/1963-01-05,1/5/63,30,MONSTERS' HOLIDAY,"Bobby ""Boris"" Pickett And The Crypt-Kickers","Monsters' HolidayBobby ""Boris"" Pickett And The Crypt-Kickers",1,31,30,6,1963,1,5
http://www.billboard.com/charts/hot-100/1963-01-12,1/12/63,39,MONSTERS' HOLIDAY,"Bobby ""Boris"" Pickett And The Crypt-Kickers","Monsters' HolidayBobby ""Boris"" Pickett And The Crypt-Kickers",1,30,30,6,1963,1,12
http://www.billboard.com/charts/hot-100/1963-11-30,11/30/63,87,THE MARVELOUS TOY,The Chad Mitchell Trio,The Marvelous ToyThe Chad Mitchell Trio,1,NA,43,9,1963,11,30
http://www.billboard.com/charts/hot-100/1963-12-07,12/7/63,77,THE MARVELOUS TOY,The Chad Mitchell Trio,The Marvelous ToyThe Chad Mitchell Trio,1,87,43,9,1963,12,7
http://www.billboard.com/charts/hot-100/1963-12-14,12/14/63,60,PRETTY PAPER,Roy Orbison,Pretty PaperRoy Orbison,1,NA,15,7,1963,12,14
http://www.billboard.com/charts/hot-100/1963-12-14,12/14/63,73,THE MARVELOUS TOY,The Chad Mitchell Trio,The Marvelous ToyThe Chad Mitchell Trio,1,77,43,9,1963,12,14
http://www.billboard.com/charts/hot-100/1963-12-21,12/21/63,33,PRETTY PAPER,Roy Orbison,Pretty PaperRoy Orbison,1,60,15,7,1963,12,21
http://www.billboard.com/charts/hot-100/1963-12-21,12/21/63,65,THE MARVELOUS TOY,The Chad Mitchell Trio,The Marvelous ToyThe Chad Mitchell Trio,1,73,43,9,1963,12,21
http://www.billboard.com/charts/hot-100/1963-12-28,12/28/63,56,THE MARVELOUS TOY,The Chad Mitchell Trio,The Marvelous ToyThe Chad Mitchell Trio,1,65,43,9,1963,12,28
http://www.billboard.com/charts/hot-100/1963-12-28,12/28/63,19,PRETTY PAPER,Roy Orbison,Pretty PaperRoy Orbison,1,33,15,7,1963,12,28
http://www.billboard.com/charts/hot-100/1964-01-04,1/4/64,16,PRETTY PAPER,Roy Orbison,Pretty PaperRoy Orbison,1,19,15,7,1964,1,4
http://www.billboard.com/charts/hot-100/1964-01-04,1/4/64,47,THE MARVELOUS TOY,The Chad Mitchell Trio,The Marvelous ToyThe Chad Mitchell Trio,1,56,43,9,1964,1,4
http://www.billboard.com/charts/hot-100/1964-01-11,1/11/64,15,PRETTY PAPER,Roy Orbison,Pretty PaperRoy Orbison,1,16,15,7,1964,1,11
http://www.billboard.com/charts/hot-100/1964-01-11,1/11/64,46,THE MARVELOUS TOY,The Chad Mitchell Trio,The Marvelous ToyThe Chad Mitchell Trio,1,47,43,9,1964,1,11
http://www.billboard.com/charts/hot-100/1964-01-18,1/18/64,26,PRETTY PAPER,Roy Orbison,Pretty PaperRoy Orbison,1,15,15,7,1964,1,18
http://www.billboard.com/charts/hot-100/1964-01-18,1/18/64,43,THE MARVELOUS TOY,The Chad Mitchell Trio,The Marvelous ToyThe Chad Mitchell Trio,1,46,43,9,1964,1,18
http://www.billboard.com/charts/hot-100/1964-01-25,1/25/64,53,THE MARVELOUS TOY,The Chad Mitchell Trio,The Marvelous ToyThe Chad Mitchell Trio,1,43,43,9,1964,1,25
http://www.billboard.com/charts/hot-100/1964-01-25,1/25/64,43,PRETTY PAPER,Roy Orbison,Pretty PaperRoy Orbison,1,26,15,7,1964,1,25
http://www.billboard.com/charts/hot-100/1964-11-21,11/21/64,96,AMEN,The Impressions,AmenThe Impressions,1,NA,7,11,1964,11,21
http://www.billboard.com/charts/hot-100/1964-11-28,11/28/64,59,AMEN,The Impressions,AmenThe Impressions,1,96,7,11,1964,11,28
http://www.billboard.com/charts/hot-100/1964-12-05,12/5/64,43,AMEN,The Impressions,AmenThe Impressions,1,59,7,11,1964,12,5
http://www.billboard.com/charts/hot-100/1964-12-12,12/12/64,30,AMEN,The Impressions,AmenThe Impressions,1,43,7,11,1964,12,12
http://www.billboard.com/charts/hot-100/1964-12-19,12/19/64,24,AMEN,The Impressions,AmenThe Impressions,1,30,7,11,1964,12,19
http://www.billboard.com/charts/hot-100/1964-12-26,12/26/64,12,AMEN,The Impressions,AmenThe Impressions,1,24,7,11,1964,12,26
http://www.billboard.com/charts/hot-100/1965-01-02,1/2/65,8,AMEN,The Impressions,AmenThe Impressions,1,12,7,11,1965,1,2
http://www.billboard.com/charts/hot-100/1965-01-09,1/9/65,7,AMEN,The Impressions,AmenThe Impressions,1,8,7,11,1965,1,9
http://www.billboard.com/charts/hot-100/1965-01-16,1/16/65,11,AMEN,The Impressions,AmenThe Impressions,1,7,7,11,1965,1,16
http://www.billboard.com/charts/hot-100/1965-01-23,1/23/65,17,AMEN,The Impressions,AmenThe Impressions,1,11,7,11,1965,1,23
http://www.billboard.com/charts/hot-100/1965-01-30,1/30/65,43,AMEN,The Impressions,AmenThe Impressions,1,17,7,11,1965,1,30
http://www.billboard.com/charts/hot-100/1966-12-03,12/3/66,99,I'LL BE HOME,The Platters,I'll Be HomeThe Platters,1,NA,97,2,1966,12,3
http://www.billboard.com/charts/hot-100/1966-12-10,12/10/66,97,I'LL BE HOME,The Platters,I'll Be HomeThe Platters,1,99,97,2,1966,12,10
http://www.billboard.com/charts/hot-100/1968-12-14,12/14/67,75,MY FAVORITE THINGS,Herb Alpert & The Tijuana Brass,My Favorite ThingsHerb Alpert & The Tijuana Brass,1,NA,45,6,1967,12,14
http://www.billboard.com/charts/hot-100/1968-12-14,12/14/68,75,MY FAVORITE THINGS,Herb Alpert & The Tijuana Brass,My Favorite ThingsHerb Alpert & The Tijuana Brass,1,NA,45,6,1968,12,14
http://www.billboard.com/charts/hot-100/1968-12-21,12/21/68,47,MY FAVORITE THINGS,Herb Alpert & The Tijuana Brass,My Favorite ThingsHerb Alpert & The Tijuana Brass,1,75,45,6,1968,12,21
http://www.billboard.com/charts/hot-100/1968-12-28,12/28/68,47,MY FAVORITE THINGS,Herb Alpert & The Tijuana Brass,My Favorite ThingsHerb Alpert & The Tijuana Brass,1,47,45,6,1968,12,28
http://www.billboard.com/charts/hot-100/1969-01-04,1/4/69,46,MY FAVORITE THINGS,Herb Alpert & The Tijuana Brass,My Favorite ThingsHerb Alpert & The Tijuana Brass,1,47,45,6,1969,1,4
http://www.billboard.com/charts/hot-100/1969-01-11,1/11/69,45,MY FAVORITE THINGS,Herb Alpert & The Tijuana Brass,My Favorite ThingsHerb Alpert & The Tijuana Brass,1,46,45,6,1969,1,11
http://www.billboard.com/charts/hot-100/1969-01-18,1/18/69,54,MY FAVORITE THINGS,Herb Alpert & The Tijuana Brass,My Favorite ThingsHerb Alpert & The Tijuana Brass,1,45,45,6,1969,1,18
http://www.billboard.com/charts/hot-100/1969-12-06,12/6/69,84,WINTER WORLD OF LOVE,Engelbert Humperdinck,Winter World Of LoveEngelbert Humperdinck,1,NA,16,12,1969,12,6
http://www.billboard.com/charts/hot-100/1969-12-13,12/13/69,71,WINTER WORLD OF LOVE,Engelbert Humperdinck,Winter World Of LoveEngelbert Humperdinck,1,84,16,12,1969,12,13
http://www.billboard.com/charts/hot-100/1969-12-20,12/20/69,48,WINTER WORLD OF LOVE,Engelbert Humperdinck,Winter World Of LoveEngelbert Humperdinck,1,71,16,12,1969,12,20
http://www.billboard.com/charts/hot-100/1969-12-27,12/27/69,41,WINTER WORLD OF LOVE,Engelbert Humperdinck,Winter World Of LoveEngelbert Humperdinck,1,48,16,12,1969,12,27
http://www.billboard.com/charts/hot-100/1970-01-03,1/3/70,35,WINTER WORLD OF LOVE,Engelbert Humperdinck,Winter World Of LoveEngelbert Humperdinck,1,41,16,12,1970,1,3
http://www.billboard.com/charts/hot-100/1970-01-10,1/10/70,31,WINTER WORLD OF LOVE,Engelbert Humperdinck,Winter World Of LoveEngelbert Humperdinck,1,35,16,12,1970,1,10
http://www.billboard.com/charts/hot-100/1970-01-17,1/17/70,23,WINTER WORLD OF LOVE,Engelbert Humperdinck,Winter World Of LoveEngelbert Humperdinck,1,31,16,12,1970,1,17
http://www.billboard.com/charts/hot-100/1970-01-24,1/24/70,17,WINTER WORLD OF LOVE,Engelbert Humperdinck,Winter World Of LoveEngelbert Humperdinck,1,23,16,12,1970,1,24
http://www.billboard.com/charts/hot-100/1970-01-31,1/31/70,16,WINTER WORLD OF LOVE,Engelbert Humperdinck,Winter World Of LoveEngelbert Humperdinck,1,17,16,12,1970,1,31
http://www.billboard.com/charts/hot-100/1973-11-24,11/24/73,97,IF WE MAKE IT THROUGH DECEMBER,Merle Haggard,If We Make It Through DecemberMerle Haggard,1,NA,28,11,1973,11,24
http://www.billboard.com/charts/hot-100/1973-12-01,12/1/73,92,IF WE MAKE IT THROUGH DECEMBER,Merle Haggard,If We Make It Through DecemberMerle Haggard,1,97,28,11,1973,12,1
http://www.billboard.com/charts/hot-100/1973-12-08,12/8/73,82,IF WE MAKE IT THROUGH DECEMBER,Merle Haggard,If We Make It Through DecemberMerle Haggard,1,92,28,11,1973,12,8
http://www.billboard.com/charts/hot-100/1973-12-15,12/15/73,69,IF WE MAKE IT THROUGH DECEMBER,Merle Haggard,If We Make It Through DecemberMerle Haggard,1,82,28,11,1973,12,15
http://www.billboard.com/charts/hot-100/1973-12-22,12/22/73,65,IF WE MAKE IT THROUGH DECEMBER,Merle Haggard,If We Make It Through DecemberMerle Haggard,1,69,28,11,1973,12,22
http://www.billboard.com/charts/hot-100/1973-12-29,12/29/73,77,IT DOESN'T HAVE TO BE THAT WAY,Jim Croce,It Doesn't Have To Be That WayJim Croce,1,NA,64,5,1973,12,29
http://www.billboard.com/charts/hot-100/1973-12-29,12/29/73,50,IF WE MAKE IT THROUGH DECEMBER,Merle Haggard,If We Make It Through DecemberMerle Haggard,1,65,28,11,1973,12,29
http://www.billboard.com/charts/hot-100/1974-01-05,1/5/74,71,IT DOESN'T HAVE TO BE THAT WAY,Jim Croce,It Doesn't Have To Be That WayJim Croce,1,77,64,5,1974,1,5
http://www.billboard.com/charts/hot-100/1974-01-05,1/5/74,40,IF WE MAKE IT THROUGH DECEMBER,Merle Haggard,If We Make It Through DecemberMerle Haggard,1,50,28,11,1974,1,5
http://www.billboard.com/charts/hot-100/1974-01-12,1/12/74,32,IF WE MAKE IT THROUGH DECEMBER,Merle Haggard,If We Make It Through DecemberMerle Haggard,1,40,28,11,1974,1,12
http://www.billboard.com/charts/hot-100/1974-01-12,1/12/74,66,IT DOESN'T HAVE TO BE THAT WAY,Jim Croce,It Doesn't Have To Be That WayJim Croce,1,71,64,5,1974,1,12
http://www.billboard.com/charts/hot-100/1974-01-19,1/19/74,64,IT DOESN'T HAVE TO BE THAT WAY,Jim Croce,It Doesn't Have To Be That WayJim Croce,1,66,64,5,1974,1,19
http://www.billboard.com/charts/hot-100/1974-01-19,1/19/74,28,IF WE MAKE IT THROUGH DECEMBER,Merle Haggard,If We Make It Through DecemberMerle Haggard,1,32,28,11,1974,1,19
http://www.billboard.com/charts/hot-100/1974-01-26,1/26/74,79,IT DOESN'T HAVE TO BE THAT WAY,Jim Croce,It Doesn't Have To Be That WayJim Croce,1,64,64,5,1974,1,26
http://www.billboard.com/charts/hot-100/1974-01-26,1/26/74,41,IF WE MAKE IT THROUGH DECEMBER,Merle Haggard,If We Make It Through DecemberMerle Haggard,1,28,28,11,1974,1,26
http://www.billboard.com/charts/hot-100/1974-12-14,12/14/74,97,WHEN A CHILD IS BORN,Michael Holm,When A Child Is BornMichael Holm,1,NA,53,7,1974,12,14
http://www.billboard.com/charts/hot-100/1974-12-21,12/21/74,84,WHEN A CHILD IS BORN,Michael Holm,When A Child Is BornMichael Holm,1,97,53,7,1974,12,21
http://www.billboard.com/charts/hot-100/1974-12-21,12/21/74,97,CHRISTMAS DREAM,Perry Como,Christmas DreamPerry Como,1,NA,92,2,1974,12,21
http://www.billboard.com/charts/hot-100/1974-12-28,12/28/74,92,CHRISTMAS DREAM,Perry Como,Christmas DreamPerry Como,1,97,92,2,1974,12,28
http://www.billboard.com/charts/hot-100/1974-12-28,12/28/74,73,WHEN A CHILD IS BORN,Michael Holm,When A Child Is BornMichael Holm,1,84,53,7,1974,12,28
http://www.billboard.com/charts/hot-100/1975-01-04,1/4/75,73,WHEN A CHILD IS BORN,Michael Holm,When A Child Is BornMichael Holm,1,73,53,7,1975,1,4
http://www.billboard.com/charts/hot-100/1975-01-11,1/11/75,68,WHEN A CHILD IS BORN,Michael Holm,When A Child Is BornMichael Holm,1,73,53,7,1975,1,11
http://www.billboard.com/charts/hot-100/1975-01-18,1/18/75,60,WHEN A CHILD IS BORN,Michael Holm,When A Child Is BornMichael Holm,1,68,53,7,1975,1,18
http://www.billboard.com/charts/hot-100/1975-01-25,1/25/75,53,WHEN A CHILD IS BORN,Michael Holm,When A Child Is BornMichael Holm,1,60,53,7,1975,1,25
http://www.billboard.com/charts/hot-100/1975-12-13,12/13/75,84,CHRISTMAS FOR COWBOYS,John Denver,Christmas For CowboysJohn Denver,1,NA,58,4,1975,12,13
http://www.billboard.com/charts/hot-100/1975-12-20,12/20/75,99,I BELIEVE IN FATHER CHRISTMAS,Greg Lake,I Believe In Father ChristmasGreg Lake,1,NA,95,3,1975,12,20
http://www.billboard.com/charts/hot-100/1975-12-20,12/20/75,73,CHRISTMAS FOR COWBOYS,John Denver,Christmas For CowboysJohn Denver,1,84,58,4,1975,12,20
http://www.billboard.com/charts/hot-100/1975-12-27,12/27/75,99,I BELIEVE IN FATHER CHRISTMAS,Greg Lake,I Believe In Father ChristmasGreg Lake,1,99,95,3,1975,12,27
http://www.billboard.com/charts/hot-100/1975-12-27,12/27/75,63,CHRISTMAS FOR COWBOYS,John Denver,Christmas For CowboysJohn Denver,1,73,58,4,1975,12,27
http://www.billboard.com/charts/hot-100/1976-01-03,1/3/76,58,CHRISTMAS FOR COWBOYS,John Denver,Christmas For CowboysJohn Denver,1,63,58,4,1976,1,3
http://www.billboard.com/charts/hot-100/1976-01-03,1/3/76,95,I BELIEVE IN FATHER CHRISTMAS,Greg Lake,I Believe In Father ChristmasGreg Lake,1,99,95,3,1976,1,3
http://www.billboard.com/charts/hot-100/1978-12-09,12/9/78,78,PLEASE COME HOME FOR CHRISTMAS,Eagles,Please Come Home For ChristmasEagles,1,NA,18,8,1978,12,9
http://www.billboard.com/charts/hot-100/1978-12-16,12/16/78,45,PLEASE COME HOME FOR CHRISTMAS,Eagles,Please Come Home For ChristmasEagles,1,78,18,8,1978,12,16
http://www.billboard.com/charts/hot-100/1978-12-23,12/23/78,20,PLEASE COME HOME FOR CHRISTMAS,Eagles,Please Come Home For ChristmasEagles,1,45,18,8,1978,12,23
http://www.billboard.com/charts/hot-100/1978-12-30,12/30/78,20,PLEASE COME HOME FOR CHRISTMAS,Eagles,Please Come Home For ChristmasEagles,1,20,18,8,1978,12,30
http://www.billboard.com/charts/hot-100/1979-01-06,1/6/79,18,PLEASE COME HOME FOR CHRISTMAS,Eagles,Please Come Home For ChristmasEagles,1,20,18,8,1979,1,6
http://www.billboard.com/charts/hot-100/1979-01-13,1/13/79,18,PLEASE COME HOME FOR CHRISTMAS,Eagles,Please Come Home For ChristmasEagles,1,18,18,8,1979,1,13
http://www.billboard.com/charts/hot-100/1979-01-20,1/20/79,26,PLEASE COME HOME FOR CHRISTMAS,Eagles,Please Come Home For ChristmasEagles,1,18,18,8,1979,1,20
http://www.billboard.com/charts/hot-100/1979-01-27,1/27/79,51,PLEASE COME HOME FOR CHRISTMAS,Eagles,Please Come Home For ChristmasEagles,1,26,18,8,1979,1,27
http://www.billboard.com/charts/hot-100/1980-12-13,12/13/80,75,SAME OLD LANG SYNE,Dan Fogelberg,Same Old Lang SyneDan Fogelberg,1,NA,9,18,1980,12,13
http://www.billboard.com/charts/hot-100/1980-12-13,12/13/80,91,WHAT CAN YOU GET A WOOKIEE FOR CHRISTMAS (WHEN HE ALREADY OWNS A COMB?),The Star Wars Intergalactic Droid Choir & Chorale,What Can You Get A Wookiee For Christmas (When He Already Owns A Comb?)The Star Wars Intergalactic Droid Choir & Chorale,1,NA,69,6,1980,12,13
http://www.billboard.com/charts/hot-100/1980-12-20,12/20/80,59,SAME OLD LANG SYNE,Dan Fogelberg,Same Old Lang SyneDan Fogelberg,1,75,9,18,1980,12,20
http://www.billboard.com/charts/hot-100/1980-12-20,12/20/80,81,WHAT CAN YOU GET A WOOKIEE FOR CHRISTMAS (WHEN HE ALREADY OWNS A COMB?),The Star Wars Intergalactic Droid Choir & Chorale,What Can You Get A Wookiee For Christmas (When He Already Owns A Comb?)The Star Wars Intergalactic Droid Choir & Chorale,1,91,69,6,1980,12,20
http://www.billboard.com/charts/hot-100/1980-12-27,12/27/80,69,WHAT CAN YOU GET A WOOKIEE FOR CHRISTMAS (WHEN HE ALREADY OWNS A COMB?),The Star Wars Intergalactic Droid Choir & Chorale,What Can You Get A Wookiee For Christmas (When He Already Owns A Comb?)The Star Wars Intergalactic Droid Choir & Chorale,1,81,69,6,1980,12,27
http://www.billboard.com/charts/hot-100/1980-12-27,12/27/80,37,SAME OLD LANG SYNE,Dan Fogelberg,Same Old Lang SyneDan Fogelberg,1,59,9,18,1980,12,27
http://www.billboard.com/charts/hot-100/1980-12-27,12/27/80,82,MERRY CHRISTMAS IN THE NFL,"Willis ""The Guard"" & Vigorish","Merry Christmas In The NFLWillis ""The Guard"" & Vigorish",1,NA,82,3,1980,12,27
http://www.billboard.com/charts/hot-100/1981-01-03,1/3/81,69,WHAT CAN YOU GET A WOOKIEE FOR CHRISTMAS (WHEN HE ALREADY OWNS A COMB?),The Star Wars Intergalactic Droid Choir & Chorale,What Can You Get A Wookiee For Christmas (When He Already Owns A Comb?)The Star Wars Intergalactic Droid Choir & Chorale,1,69,69,6,1981,1,3
http://www.billboard.com/charts/hot-100/1981-01-03,1/3/81,82,MERRY CHRISTMAS IN THE NFL,"Willis ""The Guard"" & Vigorish","Merry Christmas In The NFLWillis ""The Guard"" & Vigorish",1,82,82,3,1981,1,3
http://www.billboard.com/charts/hot-100/1981-01-03,1/3/81,37,SAME OLD LANG SYNE,Dan Fogelberg,Same Old Lang SyneDan Fogelberg,1,37,9,18,1981,1,3
http://www.billboard.com/charts/hot-100/1981-01-10,1/10/81,69,WHAT CAN YOU GET A WOOKIEE FOR CHRISTMAS (WHEN HE ALREADY OWNS A COMB?),The Star Wars Intergalactic Droid Choir & Chorale,What Can You Get A Wookiee For Christmas (When He Already Owns A Comb?)The Star Wars Intergalactic Droid Choir & Chorale,1,69,69,6,1981,1,10
http://www.billboard.com/charts/hot-100/1981-01-10,1/10/81,82,MERRY CHRISTMAS IN THE NFL,"Willis ""The Guard"" & Vigorish","Merry Christmas In The NFLWillis ""The Guard"" & Vigorish",1,82,82,3,1981,1,10
http://www.billboard.com/charts/hot-100/1981-01-10,1/10/81,31,SAME OLD LANG SYNE,Dan Fogelberg,Same Old Lang SyneDan Fogelberg,1,37,9,18,1981,1,10
http://www.billboard.com/charts/hot-100/1981-01-17,1/17/81,91,WHAT CAN YOU GET A WOOKIEE FOR CHRISTMAS (WHEN HE ALREADY OWNS A COMB?),The Star Wars Intergalactic Droid Choir & Chorale,What Can You Get A Wookiee For Christmas (When He Already Owns A Comb?)The Star Wars Intergalactic Droid Choir & Chorale,1,69,69,6,1981,1,17
http://www.billboard.com/charts/hot-100/1981-01-17,1/17/81,26,SAME OLD LANG SYNE,Dan Fogelberg,Same Old Lang SyneDan Fogelberg,1,31,9,18,1981,1,17
http://www.billboard.com/charts/hot-100/1981-01-24,1/24/81,19,SAME OLD LANG SYNE,Dan Fogelberg,Same Old Lang SyneDan Fogelberg,1,26,9,18,1981,1,24
http://www.billboard.com/charts/hot-100/1981-01-31,1/31/81,14,SAME OLD LANG SYNE,Dan Fogelberg,Same Old Lang SyneDan Fogelberg,1,19,9,18,1981,1,31
http://www.billboard.com/charts/hot-100/1984-12-22,12/22/84,83,THE GREATEST GIFT OF ALL,Kenny Rogers,The Greatest Gift Of AllKenny Rogers,1,NA,81,4,1984,12,22
http://www.billboard.com/charts/hot-100/1984-12-22,12/22/84,65,DO THEY KNOW IT'S CHRISTMAS?,Band-Aid,Do They Know It's Christmas?Band-Aid,1,NA,13,9,1984,12,22
http://www.billboard.com/charts/hot-100/1984-12-29,12/29/84,83,THE GREATEST GIFT OF ALL,Kenny Rogers,The Greatest Gift Of AllKenny Rogers,1,83,81,4,1984,12,29
http://www.billboard.com/charts/hot-100/1984-12-29,12/29/84,65,DO THEY KNOW IT'S CHRISTMAS?,Band-Aid,Do They Know It's Christmas?Band-Aid,1,65,13,9,1984,12,29
http://www.billboard.com/charts/hot-100/1985-01-05,1/5/85,81,THE GREATEST GIFT OF ALL,Kenny Rogers,The Greatest Gift Of AllKenny Rogers,1,83,81,4,1985,1,5
http://www.billboard.com/charts/hot-100/1985-01-05,1/5/85,20,DO THEY KNOW IT'S CHRISTMAS?,Band-Aid,Do They Know It's Christmas?Band-Aid,1,65,13,9,1985,1,5
http://www.billboard.com/charts/hot-100/1985-01-12,1/12/85,15,DO THEY KNOW IT'S CHRISTMAS?,Band-Aid,Do They Know It's Christmas?Band-Aid,1,20,13,9,1985,1,12
http://www.billboard.com/charts/hot-100/1985-01-12,1/12/85,81,THE GREATEST GIFT OF ALL,Kenny Rogers,The Greatest Gift Of AllKenny Rogers,1,81,81,4,1985,1,12
http://www.billboard.com/charts/hot-100/1985-01-19,1/19/85,13,DO THEY KNOW IT'S CHRISTMAS?,Band-Aid,Do They Know It's Christmas?Band-Aid,1,15,13,9,1985,1,19
http://www.billboard.com/charts/hot-100/1985-01-26,1/26/85,17,DO THEY KNOW IT'S CHRISTMAS?,Band-Aid,Do They Know It's Christmas?Band-Aid,1,13,13,9,1985,1,26
http://www.billboard.com/charts/hot-100/1989-11-11,11/11/89,82,THIS ONE'S FOR THE CHILDREN,New Kids On The Block,This One's For The ChildrenNew Kids On The Block,1,NA,7,16,1989,11,11
http://www.billboard.com/charts/hot-100/1989-11-18,11/18/89,49,THIS ONE'S FOR THE CHILDREN,New Kids On The Block,This One's For The ChildrenNew Kids On The Block,1,82,7,16,1989,11,18
http://www.billboard.com/charts/hot-100/1989-11-25,11/25/89,37,THIS ONE'S FOR THE CHILDREN,New Kids On The Block,This One's For The ChildrenNew Kids On The Block,1,49,7,16,1989,11,25
http://www.billboard.com/charts/hot-100/1989-12-02,12/2/89,28,THIS ONE'S FOR THE CHILDREN,New Kids On The Block,This One's For The ChildrenNew Kids On The Block,1,37,7,16,1989,12,2
http://www.billboard.com/charts/hot-100/1989-12-09,12/9/89,22,THIS ONE'S FOR THE CHILDREN,New Kids On The Block,This One's For The ChildrenNew Kids On The Block,1,28,7,16,1989,12,9
http://www.billboard.com/charts/hot-100/1989-12-16,12/16/89,13,THIS ONE'S FOR THE CHILDREN,New Kids On The Block,This One's For The ChildrenNew Kids On The Block,1,22,7,16,1989,12,16
http://www.billboard.com/charts/hot-100/1989-12-23,12/23/89,9,THIS ONE'S FOR THE CHILDREN,New Kids On The Block,This One's For The ChildrenNew Kids On The Block,1,13,7,16,1989,12,23
http://www.billboard.com/charts/hot-100/1989-12-30,12/30/89,9,THIS ONE'S FOR THE CHILDREN,New Kids On The Block,This One's For The ChildrenNew Kids On The Block,1,9,7,16,1989,12,30
http://www.billboard.com/charts/hot-100/1990-01-06,1/6/90,7,THIS ONE'S FOR THE CHILDREN,New Kids On The Block,This One's For The ChildrenNew Kids On The Block,1,9,7,16,1990,1,6
http://www.billboard.com/charts/hot-100/1990-01-13,1/13/90,7,THIS ONE'S FOR THE CHILDREN,New Kids On The Block,This One's For The ChildrenNew Kids On The Block,1,7,7,16,1990,1,13
http://www.billboard.com/charts/hot-100/1990-01-20,1/20/90,17,THIS ONE'S FOR THE CHILDREN,New Kids On The Block,This One's For The ChildrenNew Kids On The Block,1,7,7,16,1990,1,20
http://www.billboard.com/charts/hot-100/1990-01-27,1/27/90,35,THIS ONE'S FOR THE CHILDREN,New Kids On The Block,This One's For The ChildrenNew Kids On The Block,1,17,7,16,1990,1,27
http://www.billboard.com/charts/hot-100/1993-12-11,12/11/93,66,LET IT SNOW,Boyz II Men,Let It SnowBoyz II Men,1,NA,32,7,1993,12,11
http://www.billboard.com/charts/hot-100/1993-12-18,12/18/93,65,LET IT SNOW,Boyz II Men,Let It SnowBoyz II Men,1,66,32,7,1993,12,18
http://www.billboard.com/charts/hot-100/1993-12-25,12/25/93,53,LET IT SNOW,Boyz II Men,Let It SnowBoyz II Men,1,65,32,7,1993,12,25
http://www.billboard.com/charts/hot-100/1994-01-01,1/1/94,43,LET IT SNOW,Boyz II Men,Let It SnowBoyz II Men,1,53,32,7,1994,1,1
http://www.billboard.com/charts/hot-100/1994-01-08,1/8/94,32,LET IT SNOW,Boyz II Men,Let It SnowBoyz II Men,1,43,32,7,1994,1,8
http://www.billboard.com/charts/hot-100/1994-01-15,1/15/94,60,LET IT SNOW,Boyz II Men,Let It SnowBoyz II Men,1,32,32,7,1994,1,15
http://www.billboard.com/charts/hot-100/1994-01-22,1/22/94,87,LET IT SNOW,Boyz II Men,Let It SnowBoyz II Men,1,60,32,7,1994,1,22
http://www.billboard.com/charts/hot-100/1995-01-07,1/7/95,91,THE SANTA CLAUS BOOGIE,The Tractors,The Santa Claus BoogieThe Tractors,1,NA,91,1,1995,1,7
http://www.billboard.com/charts/hot-100/1996-12-21,12/21/96,83,MACARENA CHRISTMAS,Los Del Rio,Macarena ChristmasLos Del Rio,1,NA,57,4,1996,12,21
http://www.billboard.com/charts/hot-100/1996-12-28,12/28/96,66,MACARENA CHRISTMAS,Los Del Rio,Macarena ChristmasLos Del Rio,1,83,57,4,1996,12,28
http://www.billboard.com/charts/hot-100/1997-01-04,1/4/97,57,MACARENA CHRISTMAS,Los Del Rio,Macarena ChristmasLos Del Rio,1,66,57,4,1997,1,4
http://www.billboard.com/charts/hot-100/1997-01-11,1/11/97,80,MACARENA CHRISTMAS,Los Del Rio,Macarena ChristmasLos Del Rio,1,57,57,4,1997,1,11
http://www.billboard.com/charts/hot-100/1997-12-27,12/27/97,67,SANTA'S A FAT BITCH,Insane Clown Posse,Santa's A Fat BitchInsane Clown Posse,1,NA,67,5,1997,12,27
http://www.billboard.com/charts/hot-100/1998-01-03,1/3/98,67,SANTA'S A FAT BITCH,Insane Clown Posse,Santa's A Fat BitchInsane Clown Posse,1,67,67,5,1998,1,3
http://www.billboard.com/charts/hot-100/1998-01-10,1/10/98,74,SANTA'S A FAT BITCH,Insane Clown Posse,Santa's A Fat BitchInsane Clown Posse,1,67,67,5,1998,1,10
http://www.billboard.com/charts/hot-100/1998-01-10,1/10/98,87,GRANDMA GOT RUN OVER BY A REINDEER,Elmo & Patsy,Grandma Got Run Over By A ReindeerElmo & Patsy,1,NA,87,1,1998,1,10
http://www.billboard.com/charts/hot-100/1998-01-17,1/17/98,91,SANTA'S A FAT BITCH,Insane Clown Posse,Santa's A Fat BitchInsane Clown Posse,1,74,67,5,1998,1,17
http://www.billboard.com/charts/hot-100/1998-01-24,1/24/98,97,SANTA'S A FAT BITCH,Insane Clown Posse,Santa's A Fat BitchInsane Clown Posse,1,91,67,5,1998,1,24
http://www.billboard.com/charts/hot-100/1999-12-25,12/25/99,89,AULD LANG SYNE,Kenny G,Auld Lang SyneKenny G,1,NA,7,5,1999,12,25
http://www.billboard.com/charts/hot-100/1999-12-25,12/25/99,97,DECK THE HALLS,SHeDAISY,Deck The HallsSHeDAISY,1,NA,61,3,1999,12,25
http://www.billboard.com/charts/hot-100/2000-01-01,1/1/00,54,AULD LANG SYNE,Kenny G,Auld Lang SyneKenny G,1,89,7,5,2000,1,1
http://www.billboard.com/charts/hot-100/2000-01-01,1/1/00,69,DECK THE HALLS,SHeDAISY,Deck The HallsSHeDAISY,1,97,61,3,2000,1,1
http://www.billboard.com/charts/hot-100/2000-01-01,1/1/00,53,THIS GIFT,98 Degrees,This Gift98 Degrees,1,NA,49,3,2000,1,1
http://www.billboard.com/charts/hot-100/2000-01-08,1/8/00,61,DECK THE HALLS,SHeDAISY,Deck The HallsSHeDAISY,1,69,61,3,2000,1,8
http://www.billboard.com/charts/hot-100/2000-01-08,1/8/00,7,AULD LANG SYNE,Kenny G,Auld Lang SyneKenny G,1,54,7,5,2000,1,8
http://www.billboard.com/charts/hot-100/2000-01-08,1/8/00,83,ALL I WANT FOR CHRISTMAS IS YOU,Mariah Carey,All I Want For Christmas Is YouMariah Carey,1,NA,11,19,2000,1,8
http://www.billboard.com/charts/hot-100/2000-01-08,1/8/00,49,THIS GIFT,98 Degrees,This Gift98 Degrees,1,53,49,3,2000,1,8
http://www.billboard.com/charts/hot-100/2000-01-15,1/15/00,79,THIS GIFT,98 Degrees,This Gift98 Degrees,1,49,49,3,2000,1,15
http://www.billboard.com/charts/hot-100/2000-01-15,1/15/00,8,AULD LANG SYNE,Kenny G,Auld Lang SyneKenny G,1,7,7,5,2000,1,15
http://www.billboard.com/charts/hot-100/2000-01-22,1/22/00,66,AULD LANG SYNE,Kenny G,Auld Lang SyneKenny G,1,8,7,5,2000,1,22
http://www.billboard.com/charts/hot-100/2000-12-30,12/30/00,68,THE CHRISTMAS SHOES,NewSong,The Christmas ShoesNewSong,1,NA,42,2,2000,12,30
http://www.billboard.com/charts/hot-100/2001-01-06,1/6/01,65,WHERE ARE YOU CHRISTMAS?,Faith Hill,Where Are You Christmas?Faith Hill,1,NA,65,1,2001,1,6
http://www.billboard.com/charts/hot-100/2001-01-06,1/6/01,42,THE CHRISTMAS SHOES,NewSong,The Christmas ShoesNewSong,1,68,42,2,2001,1,6
http://www.billboard.com/charts/hot-100/2005-11-05,11/5/05,92,BETTER DAYS,Goo Goo Dolls,Better DaysGoo Goo Dolls,1,83,36,20,2005,11,5
http://www.billboard.com/charts/hot-100/2005-11-12,11/12/05,77,BETTER DAYS,Goo Goo Dolls,Better DaysGoo Goo Dolls,1,92,36,20,2005,11,12
http://www.billboard.com/charts/hot-100/2005-11-19,11/19/05,71,BETTER DAYS,Goo Goo Dolls,Better DaysGoo Goo Dolls,1,77,36,20,2005,11,19
http://www.billboard.com/charts/hot-100/2005-11-26,11/26/05,67,BETTER DAYS,Goo Goo Dolls,Better DaysGoo Goo Dolls,1,71,36,20,2005,11,26
http://www.billboard.com/charts/hot-100/2005-12-03,12/3/05,68,BETTER DAYS,Goo Goo Dolls,Better DaysGoo Goo Dolls,1,67,36,20,2005,12,3
http://www.billboard.com/charts/hot-100/2005-12-10,12/10/05,65,BETTER DAYS,Goo Goo Dolls,Better DaysGoo Goo Dolls,1,68,36,20,2005,12,10
http://www.billboard.com/charts/hot-100/2005-12-17,12/17/05,57,BETTER DAYS,Goo Goo Dolls,Better DaysGoo Goo Dolls,1,65,36,20,2005,12,17
http://www.billboard.com/charts/hot-100/2005-12-24,12/24/05,97,BELIEVE,Brooks & Dunn,BelieveBrooks & Dunn,1,NA,60,20,2005,12,24
http://www.billboard.com/charts/hot-100/2005-12-24,12/24/05,59,BETTER DAYS,Goo Goo Dolls,Better DaysGoo Goo Dolls,1,57,36,20,2005,12,24
http://www.billboard.com/charts/hot-100/2005-12-31,12/31/05,95,BELIEVE,Brooks & Dunn,BelieveBrooks & Dunn,1,97,60,20,2005,12,31
http://www.billboard.com/charts/hot-100/2005-12-31,12/31/05,57,BETTER DAYS,Goo Goo Dolls,Better DaysGoo Goo Dolls,1,59,36,20,2005,12,31
http://www.billboard.com/charts/hot-100/2006-01-07,1/7/06,48,BETTER DAYS,Goo Goo Dolls,Better DaysGoo Goo Dolls,1,57,36,20,2006,1,7
http://www.billboard.com/charts/hot-100/2006-01-07,1/7/06,91,BELIEVE,Brooks & Dunn,BelieveBrooks & Dunn,1,95,60,20,2006,1,7
http://www.billboard.com/charts/hot-100/2006-01-14,1/14/06,50,BETTER DAYS,Goo Goo Dolls,Better DaysGoo Goo Dolls,1,48,36,20,2006,1,14
http://www.billboard.com/charts/hot-100/2006-01-21,1/21/06,90,BELIEVE,Brooks & Dunn,BelieveBrooks & Dunn,2,NA,60,20,2006,1,21
http://www.billboard.com/charts/hot-100/2006-01-21,1/21/06,53,BETTER DAYS,Goo Goo Dolls,Better DaysGoo Goo Dolls,1,50,36,20,2006,1,21
http://www.billboard.com/charts/hot-100/2006-01-28,1/28/06,86,BELIEVE,Brooks & Dunn,BelieveBrooks & Dunn,2,90,60,20,2006,1,28
http://www.billboard.com/charts/hot-100/2006-01-28,1/28/06,59,BETTER DAYS,Goo Goo Dolls,Better DaysGoo Goo Dolls,1,53,36,20,2006,1,28
http://www.billboard.com/charts/hot-100/2006-12-09,12/9/06,96,GREATEST TIME OF YEAR,Aly & AJ,Greatest Time Of YearAly & AJ,1,NA,96,1,2006,12,9
http://www.billboard.com/charts/hot-100/2006-12-23,12/23/06,54,A GREAT BIG SLED,The Killers Featuring Toni Halliday,A Great Big SledThe Killers Featuring Toni Halliday,1,NA,54,2,2006,12,23
http://www.billboard.com/charts/hot-100/2006-12-23,12/23/06,78,RIVER,Sarah McLachlan,RiverSarah McLachlan,1,NA,71,3,2006,12,23
http://www.billboard.com/charts/hot-100/2006-12-30,12/30/06,71,RIVER,Sarah McLachlan,RiverSarah McLachlan,1,78,71,3,2006,12,30
http://www.billboard.com/charts/hot-100/2006-12-30,12/30/06,50,HAPPY XMAS (WAR IS OVER),The Fray,Happy Xmas (War Is Over)The Fray,1,NA,50,2,2006,12,30
http://www.billboard.com/charts/hot-100/2007-01-06,1/6/07,85,RIVER,Sarah McLachlan,RiverSarah McLachlan,1,71,71,3,2007,1,6
http://www.billboard.com/charts/hot-100/2007-01-06,1/6/07,89,HAPPY XMAS (WAR IS OVER),The Fray,Happy Xmas (War Is Over)The Fray,1,50,50,2,2007,1,6
http://www.billboard.com/charts/hot-100/2007-01-06,1/6/07,88,A GREAT BIG SLED,The Killers Featuring Toni Halliday,A Great Big SledThe Killers Featuring Toni Halliday,2,NA,54,2,2007,1,6
http://www.billboard.com/charts/hot-100/2007-12-08,12/8/07,89,THIS CHRISTMAS,Chris Brown,This ChristmasChris Brown,1,NA,62,5,2007,12,8
http://www.billboard.com/charts/hot-100/2007-12-08,12/8/07,86,MISTLETOE,Colbie Caillat,MistletoeColbie Caillat,1,NA,75,4,2007,12,8
http://www.billboard.com/charts/hot-100/2007-12-15,12/15/07,75,MISTLETOE,Colbie Caillat,MistletoeColbie Caillat,1,86,75,4,2007,12,15
http://www.billboard.com/charts/hot-100/2007-12-15,12/15/07,80,THIS CHRISTMAS,Chris Brown,This ChristmasChris Brown,1,89,62,5,2007,12,15
http://www.billboard.com/charts/hot-100/2007-12-22,12/22/07,87,MISTLETOE,Colbie Caillat,MistletoeColbie Caillat,1,75,75,4,2007,12,22
http://www.billboard.com/charts/hot-100/2007-12-22,12/22/07,96,THIS CHRISTMAS,Chris Brown,This ChristmasChris Brown,1,80,62,5,2007,12,22
http://www.billboard.com/charts/hot-100/2007-12-29,12/29/07,74,THIS CHRISTMAS,Chris Brown,This ChristmasChris Brown,1,96,62,5,2007,12,29
http://www.billboard.com/charts/hot-100/2007-12-29,12/29/07,99,MISTLETOE,Colbie Caillat,MistletoeColbie Caillat,1,87,75,4,2007,12,29
http://www.billboard.com/charts/hot-100/2008-01-05,1/5/08,62,THIS CHRISTMAS,Chris Brown,This ChristmasChris Brown,1,74,62,5,2008,1,5
http://www.billboard.com/charts/hot-100/2009-12-19,12/19/09,63,LAST CHRISTMAS,Glee Cast,Last ChristmasGlee Cast,1,NA,63,2,2009,12,19
http://www.billboard.com/charts/hot-100/2009-12-26,12/26/09,89,LAST CHRISTMAS,Glee Cast,Last ChristmasGlee Cast,1,63,63,2,2009,12,26
http://www.billboard.com/charts/hot-100/2010-12-18,12/18/10,25,CHRISTMAS LIGHTS,Coldplay,Christmas LightsColdplay,1,NA,25,3,2010,12,18
http://www.billboard.com/charts/hot-100/2010-12-25,12/25/10,59,WELCOME CHRISTMAS,Glee Cast,Welcome ChristmasGlee Cast,1,NA,59,1,2010,12,25
http://www.billboard.com/charts/hot-100/2010-12-25,12/25/10,57,"BABY, IT'S COLD OUTSIDE",Glee Cast,"Baby, It's Cold OutsideGlee Cast",1,NA,57,2,2010,12,25
http://www.billboard.com/charts/hot-100/2010-12-25,12/25/10,35,CHRISTMAS LIGHTS,Coldplay,Christmas LightsColdplay,1,25,25,3,2010,12,25
http://www.billboard.com/charts/hot-100/2011-01-01,1/1/11,99,"BABY, IT'S COLD OUTSIDE",Glee Cast,"Baby, It's Cold OutsideGlee Cast",1,57,57,2,2011,1,1
http://www.billboard.com/charts/hot-100/2011-01-01,1/1/11,83,CHRISTMAS LIGHTS,Coldplay,Christmas LightsColdplay,1,35,25,3,2011,1,1
http://www.billboard.com/charts/hot-100/2011-01-01,1/1/11,100,OH SANTA!,Mariah Carey,Oh Santa!Mariah Carey,1,NA,100,1,2011,1,1
http://www.billboard.com/charts/hot-100/2011-01-08,1/8/11,99,SHAKE UP CHRISTMAS,Train,Shake Up ChristmasTrain,1,NA,99,1,2011,1,8
http://www.billboard.com/charts/hot-100/2011-11-05,11/5/11,11,MISTLETOE,Justin Bieber,MistletoeJustin Bieber,1,NA,11,10,2011,11,5
http://www.billboard.com/charts/hot-100/2011-11-12,11/12/11,75,MISTLETOE,Justin Bieber,MistletoeJustin Bieber,1,11,11,10,2011,11,12
http://www.billboard.com/charts/hot-100/2011-11-26,11/26/11,85,MISTLETOE,Justin Bieber,MistletoeJustin Bieber,2,NA,11,10,2011,11,26
http://www.billboard.com/charts/hot-100/2011-12-03,12/3/11,96,MISTLETOE,Justin Bieber,MistletoeJustin Bieber,2,85,11,10,2011,12,3
http://www.billboard.com/charts/hot-100/2011-12-10,12/10/11,60,MISTLETOE,Justin Bieber,MistletoeJustin Bieber,2,96,11,10,2011,12,10
http://www.billboard.com/charts/hot-100/2011-12-17,12/17/11,96,IT'S BEGINNING TO LOOK A LOT LIKE CHRISTMAS,Michael Buble,It's Beginning To Look A Lot Like ChristmasMichael Buble,1,NA,96,1,2011,12,17
http://www.billboard.com/charts/hot-100/2011-12-17,12/17/11,44,MISTLETOE,Justin Bieber,MistletoeJustin Bieber,2,60,11,10,2011,12,17
http://www.billboard.com/charts/hot-100/2011-12-24,12/24/11,93,I'LL BE HOME FOR CHRISTMAS,Kelly Clarkson,I'll Be Home For ChristmasKelly Clarkson,1,NA,93,1,2011,12,24
http://www.billboard.com/charts/hot-100/2011-12-24,12/24/11,34,MISTLETOE,Justin Bieber,MistletoeJustin Bieber,2,44,11,10,2011,12,24
http://www.billboard.com/charts/hot-100/2011-12-31,12/31/11,32,MISTLETOE,Justin Bieber,MistletoeJustin Bieber,2,34,11,10,2011,12,31
http://www.billboard.com/charts/hot-100/2011-12-31,12/31/11,92,DO THEY KNOW IT'S CHRISTMAS?,Glee Cast,Do They Know It's Christmas?Glee Cast,1,NA,92,1,2011,12,31
http://www.billboard.com/charts/hot-100/2011-12-31,12/31/11,99,ALL I WANT FOR CHRISTMAS IS YOU,Michael Buble,All I Want For Christmas Is YouMichael Buble,1,NA,99,1,2011,12,31
http://www.billboard.com/charts/hot-100/2012-01-07,1/7/12,19,MISTLETOE,Justin Bieber,MistletoeJustin Bieber,2,32,11,10,2012,1,7
http://www.billboard.com/charts/hot-100/2012-01-14,1/14/12,53,MISTLETOE,Justin Bieber,MistletoeJustin Bieber,2,19,11,10,2012,1,14
http://www.billboard.com/charts/hot-100/2012-12-22,12/22/12,29,ALL I WANT FOR CHRISTMAS IS YOU,Mariah Carey,All I Want For Christmas Is YouMariah Carey,2,NA,11,19,2012,12,22
http://www.billboard.com/charts/hot-100/2012-12-29,12/29/12,25,ALL I WANT FOR CHRISTMAS IS YOU,Mariah Carey,All I Want For Christmas Is YouMariah Carey,2,29,11,19,2012,12,29
http://www.billboard.com/charts/hot-100/2013-01-05,1/5/13,21,ALL I WANT FOR CHRISTMAS IS YOU,Mariah Carey,All I Want For Christmas Is YouMariah Carey,2,25,11,19,2013,1,5
http://www.billboard.com/charts/hot-100/2013-12-07,12/7/13,96,LAST CHRISTMAS,Ariana Grande,Last ChristmasAriana Grande,1,NA,96,1,2013,12,7
http://www.billboard.com/charts/hot-100/2013-12-21,12/21/13,92,UNDERNEATH THE TREE,Kelly Clarkson,Underneath The TreeKelly Clarkson,1,NA,78,3,2013,12,21
http://www.billboard.com/charts/hot-100/2013-12-21,12/21/13,26,ALL I WANT FOR CHRISTMAS IS YOU,Mariah Carey,All I Want For Christmas Is YouMariah Carey,3,NA,11,19,2013,12,21
http://www.billboard.com/charts/hot-100/2013-12-28,12/28/13,27,ALL I WANT FOR CHRISTMAS IS YOU,Mariah Carey,All I Want For Christmas Is YouMariah Carey,3,26,11,19,2013,12,28
http://www.billboard.com/charts/hot-100/2013-12-28,12/28/13,80,UNDERNEATH THE TREE,Kelly Clarkson,Underneath The TreeKelly Clarkson,1,92,78,3,2013,12,28
http://www.billboard.com/charts/hot-100/2014-01-04,1/4/14,26,ALL I WANT FOR CHRISTMAS IS YOU,Mariah Carey,All I Want For Christmas Is YouMariah Carey,3,27,11,19,2014,1,4
http://www.billboard.com/charts/hot-100/2014-01-04,1/4/14,45,THE CHRISTMAS SONG (MERRY CHRISTMAS TO YOU),Nat King Cole,The Christmas Song (Merry Christmas To You)Nat King Cole,3,NA,38,8,2014,1,4
http://www.billboard.com/charts/hot-100/2014-01-04,1/4/14,50,ROCKIN' AROUND THE CHRISTMAS TREE,Brenda Lee,Rockin' Around The Christmas TreeBrenda Lee,4,NA,14,18,2014,1,4
http://www.billboard.com/charts/hot-100/2014-01-04,1/4/14,78,UNDERNEATH THE TREE,Kelly Clarkson,Underneath The TreeKelly Clarkson,1,80,78,3,2014,1,4
http://www.billboard.com/charts/hot-100/2014-12-13,12/13/14,65,SANTA TELL ME,Ariana Grande,Santa Tell MeAriana Grande,1,NA,42,5,2014,12,13
http://www.billboard.com/charts/hot-100/2014-12-20,12/20/14,92,SANTA TELL ME,Ariana Grande,Santa Tell MeAriana Grande,1,65,42,5,2014,12,20
http://www.billboard.com/charts/hot-100/2014-12-20,12/20/14,50,ALL I WANT FOR CHRISTMAS IS YOU,Mariah Carey,All I Want For Christmas Is YouMariah Carey,4,NA,11,19,2014,12,20
http://www.billboard.com/charts/hot-100/2014-12-27,12/27/14,64,SANTA TELL ME,Ariana Grande,Santa Tell MeAriana Grande,1,92,42,5,2014,12,27
http://www.billboard.com/charts/hot-100/2014-12-27,12/27/14,90,HAVE YOURSELF A MERRY LITTLE CHRISTMAS,Sam Smith,Have Yourself A Merry Little ChristmasSam Smith,1,NA,90,1,2014,12,27
http://www.billboard.com/charts/hot-100/2014-12-27,12/27/14,40,ALL I WANT FOR CHRISTMAS IS YOU,Mariah Carey,All I Want For Christmas Is YouMariah Carey,4,50,11,19,2014,12,27
http://www.billboard.com/charts/hot-100/2015-01-03,1/3/15,42,SANTA TELL ME,Ariana Grande,Santa Tell MeAriana Grande,1,64,42,5,2015,1,3
http://www.billboard.com/charts/hot-100/2015-01-03,1/3/15,35,ALL I WANT FOR CHRISTMAS IS YOU,Mariah Carey,All I Want For Christmas Is YouMariah Carey,4,40,11,19,2015,1,3
http://www.billboard.com/charts/hot-100/2015-01-10,1/10/15,50,SANTA TELL ME,Ariana Grande,Santa Tell MeAriana Grande,1,42,42,5,2015,1,10
http://www.billboard.com/charts/hot-100/2015-12-19,12/19/15,26,ALL I WANT FOR CHRISTMAS IS YOU,Mariah Carey,All I Want For Christmas Is YouMariah Carey,5,NA,11,19,2015,12,19
http://www.billboard.com/charts/hot-100/2015-12-26,12/26/15,22,ALL I WANT FOR CHRISTMAS IS YOU,Mariah Carey,All I Want For Christmas Is YouMariah Carey,5,26,11,19,2015,12,26
http://www.billboard.com/charts/hot-100/2015-12-26,12/26/15,44,ROCKIN' AROUND THE CHRISTMAS TREE,Brenda Lee,Rockin' Around The Christmas TreeBrenda Lee,5,NA,14,18,2015,12,26
http://www.billboard.com/charts/hot-100/2016-01-02,1/2/16,38,ROCKIN' AROUND THE CHRISTMAS TREE,Brenda Lee,Rockin' Around The Christmas TreeBrenda Lee,5,44,14,18,2016,1,2
http://www.billboard.com/charts/hot-100/2016-01-02,1/2/16,18,ALL I WANT FOR CHRISTMAS IS YOU,Mariah Carey,All I Want For Christmas Is YouMariah Carey,5,22,11,19,2016,1,2
http://www.billboard.com/charts/hot-100/2016-01-09,1/9/16,11,ALL I WANT FOR CHRISTMAS IS YOU,Mariah Carey,All I Want For Christmas Is YouMariah Carey,5,18,11,19,2016,1,9
http://www.billboard.com/charts/hot-100/2016-01-09,1/9/16,47,JINGLE BELL ROCK,Bobby Helms,Jingle Bell RockBobby Helms,5,NA,29,19,2016,1,9
http://www.billboard.com/charts/hot-100/2016-01-09,1/9/16,38,THE CHRISTMAS SONG (MERRY CHRISTMAS TO YOU),Nat King Cole,The Christmas Song (Merry Christmas To You)Nat King Cole,4,NA,38,8,2016,1,9
http://www.billboard.com/charts/hot-100/2016-01-09,1/9/16,30,ROCKIN' AROUND THE CHRISTMAS TREE,Brenda Lee,Rockin' Around The Christmas TreeBrenda Lee,5,38,14,18,2016,1,9
http://www.billboard.com/charts/hot-100/2016-12-17,12/17/16,23,ALL I WANT FOR CHRISTMAS IS YOU,Mariah Carey,All I Want For Christmas Is YouMariah Carey,6,NA,11,19,2016,12,17
http://www.billboard.com/charts/hot-100/2016-12-24,12/24/16,37,ROCKIN' AROUND THE CHRISTMAS TREE,Brenda Lee,Rockin' Around The Christmas TreeBrenda Lee,6,NA,14,18,2016,12,24
http://www.billboard.com/charts/hot-100/2016-12-24,12/24/16,35,JINGLE BELL ROCK,Bobby Helms,Jingle Bell RockBobby Helms,6,NA,29,19,2016,12,24
http://www.billboard.com/charts/hot-100/2016-12-24,12/24/16,17,ALL I WANT FOR CHRISTMAS IS YOU,Mariah Carey,All I Want For Christmas Is YouMariah Carey,6,23,11,19,2016,12,24
http://www.billboard.com/charts/hot-100/2016-12-31,12/31/16,46,JINGLE BELL ROCK,Bobby Helms,Jingle Bell RockBobby Helms,6,35,29,19,2016,12,31
http://www.billboard.com/charts/hot-100/2016-12-31,12/31/16,20,ALL I WANT FOR CHRISTMAS IS YOU,Mariah Carey,All I Want For Christmas Is YouMariah Carey,6,17,11,19,2016,12,31
http://www.billboard.com/charts/hot-100/2016-12-31,12/31/16,48,ROCKIN' AROUND THE CHRISTMAS TREE,Brenda Lee,Rockin' Around The Christmas TreeBrenda Lee,6,37,14,18,2016,12,31
http://www.billboard.com/charts/hot-100/2017-01-07,1/7/17,47,THE CHRISTMAS SONG (MERRY CHRISTMAS TO YOU),Nat King Cole,The Christmas Song (Merry Christmas To You)Nat King Cole,5,NA,38,8,2017,1,7
http://www.billboard.com/charts/hot-100/2017-01-07,1/7/17,50,LAST CHRISTMAS,Wham!,Last ChristmasWham!,1,NA,41,2,2017,1,7
http://www.billboard.com/charts/hot-100/2017-01-07,1/7/17,46,A HOLLY JOLLY CHRISTMAS,Burl Ives,A Holly Jolly ChristmasBurl Ives,1,NA,46,1,2017,1,7
http://www.billboard.com/charts/hot-100/2017-01-07,1/7/17,29,JINGLE BELL ROCK,Bobby Helms,Jingle Bell RockBobby Helms,6,46,29,19,2017,1,7
http://www.billboard.com/charts/hot-100/2017-01-07,1/7/17,44,FELIZ NAVIDAD,Jose Feliciano,Feliz NavidadJose Feliciano,1,NA,44,1,2017,1,7
http://www.billboard.com/charts/hot-100/2017-01-07,1/7/17,16,ALL I WANT FOR CHRISTMAS IS YOU,Mariah Carey,All I Want For Christmas Is YouMariah Carey,6,20,11,19,2017,1,7
http://www.billboard.com/charts/hot-100/2017-01-07,1/7/17,27,ROCKIN' AROUND THE CHRISTMAS TREE,Brenda Lee,Rockin' Around The Christmas TreeBrenda Lee,6,48,14,18,2017,1,7
http://www.billboard.com/charts/hot-100/2017-01-07,1/7/17,48,IT'S THE MOST WONDERFUL TIME OF THE YEAR,Andy Williams,It's The Most Wonderful Time Of The YearAndy Williams,1,NA,48,1,2017,1,7
http://www.billboard.com/charts/hot-100/2017-01-14,1/14/17,35,ALL I WANT FOR CHRISTMAS IS YOU,Mariah Carey,All I Want For Christmas Is YouMariah Carey,6,16,11,19,2017,1,14
http://www.billboard.com/charts/hot-100/2017-01-14,1/14/17,41,LAST CHRISTMAS,Wham!,Last ChristmasWham!,1,50,41,2,2017,1,14